<?xml version="1.0" encoding="UTF-8" standalone="yes"?>
<ns2:ExportManifest xmlns:ns2="http://www.pentaho.com/schema/">
    <ExportManifestInformation exportDate="10-06-2016 12:58:43 CEST" exportBy="admin" rootFolder="/public/" manifestVersion="2"/>
    <ExportManifestEntity path="PanelTin.wcdf">
        <ExportManifestProperty>
            <EntityMetaData name="PanelTin.wcdf" createdDate="2016-06-09T09:26:08.746+02:00" isFolder="false" path="PanelTin.wcdf" isHidden="false" locale="es_ES" description="PanelTin" title="PanelTin"/>
        </ExportManifestProperty>
        <ExportManifestProperty>
            <EntityAcl>
                <entriesInheriting>true</entriesInheriting>
                <owner>admin</owner>
                <ownerType>USER</ownerType>
            </EntityAcl>
        </ExportManifestProperty>
    </ExportManifestEntity>
</ns2:ExportManifest>
